id,created,title,description,image_url,price,tags,limit
59919de4-c9af-11ec-8ee9-56000233e9ec,"2022-05-01 20:32:30.081795",heee,coooool,https://toppng.com/uploads/preview/shrek-png-11569186903fxw12fqgcs.png,17.49,hello,1
7a1b5d31-c7f4-11ec-8ee9-56000233e9ec,"2022-04-29 15:42:17.620415",tes,sdasdf,https://cdn-icons-png.flaticon.com/128/1581/1581942.png,30.00,tags,54
ba2ad0b4-d4db-11ec-9467-56000233e9ec,"2022-05-16 01:47:52.793739",Dragon,"WATCH OUT",assets/uploads/Screenshot_20180203-212008.jpg,999999.72,fire,1
3eda5e0e-c659-11ec-8ee9-56000233e9ec,"2022-04-27 14:38:35.053012",helooo1,coooool,https://du11hjcvx0uqb.cloudfront.net/dist/images/favicon-e10d657a73.ico,13.02,null,9
0027da0b-d4dc-11ec-9467-56000233e9ec,"2022-05-16 01:49:50.214827","Sea Chicken",sdasdf,https://cdn-icons-png.flaticon.com/128/1581/1581942.png,10000000.56,tags,54
0271bbb5-d4dc-11ec-9467-56000233e9ec,"2022-05-16 01:49:54.054455",wAtEr,drowning,assets/uploads/1549402601518.jpg,0.00,thirsty,999
b00550bc-ac9d-11ec-8e94-56000233e9ec,"2022-03-25 20:43:00.462409",hello1234,"gimme fish",https://tokens.gala.games/images/gala/vox/the-walking-dead-vox/the-walking-dead-vox-box.gif,7.79,9,7
70ef2015-d4db-11ec-9467-56000233e9ec,"2022-05-16 01:45:49.928875",Cake,yummy,https://i0.wp.com/www.onceuponachef.com/images/2012/11/Vanilla-Birthday-Cake-18.jpg?resize=760%2C937&ssl=1,1.11,"3, pie",6
65d14c3c-c121-11ec-8e94-56000233e9ec,"2022-04-20 23:16:12.793970",KEVIN,Hello,https://upload.wikimedia.org/wikipedia/commons/9/9a/Gull_portrait_ca_usa.jpg,30.00,null,9
493cfb34-c1fa-11ec-8e94-56000233e9ec,"2022-04-22 01:08:45.636079","Milk Milk","mmmmmm... milk",https://www.erblicken.com/wp-content/uploads/2016/06/Funny_Louis.jpg,928.99,null,9
781ece47-c9af-11ec-8ee9-56000233e9ec,"2022-05-01 20:33:21.338742",sdsd,coooool,https://du11hjcvx0uqb.cloudfront.net/dist/images/favicon-e10d657a73.ico,13.02,hello,1
8664e751-c9af-11ec-8ee9-56000233e9ec,"2022-05-01 20:33:45.286235","Red Panda",coooool,assets/uploads/maxresdefault.jpg,6.00,asd,6
4ac0824d-c9b0-11ec-8ee9-56000233e9ec,"2022-05-01 20:39:14.720019",Canvas,coooool,https://du11hjcvx0uqb.cloudfront.net/dist/images/favicon-e10d657a73.ico,13.02,hello,1
47b3f5cc-c9b1-11ec-8ee9-56000233e9ec,"2022-05-01 20:46:19.101339",sdfsdf,coooool,assets/uploads/database_image.jpg,13.00,hello,1
d3a45633-c9b1-11ec-8ee9-56000233e9ec,"2022-05-01 20:50:13.879973",sdfsdf,coooool,assets/uploads/maxresdefault.jpg,0.00,d,1
173cdfe8-c9b6-11ec-8ee9-56000233e9ec,"2022-05-01 21:20:45.273912",asdasd,coooool,,1356.43,hello,1
0ecf44d3-c9b7-11ec-8ee9-56000233e9ec,"2022-05-01 21:27:40.630582",sdfsdf,coooool,assets/uploads/database_image.jpg,0.00,hello,0
9b479267-d3ab-11ec-9467-56000233e9ec,"2022-05-14 13:30:53.967038","Sea Chicken","He like the fish",,1000.00,flap,54
00f5043a-d3ac-11ec-9467-56000233e9ec,"2022-05-14 13:33:44.553602","Sea Chicken",sdasdf,https://upload.wikimedia.org/wikipedia/commons/9/9a/Gull_portrait_ca_usa.jpg,1000000.56,deqwd,54
976f787b-d4dc-11ec-9467-56000233e9ec,"2022-05-16 01:54:04.020158",yark,"uh oh",assets/uploads/1484371457697.jpg,3.63,umm,2
